"Date","fit","se","lower","upper"
-650,0.0210841786036493,0.0127539918343436,0.00637448737760185,0.0674341161501979
-649.4,0.021139890140028,0.0127713123656594,0.00640100660004775,0.067510454249117
-648.8,0.0211957456977402,0.0127886340283447,0.00642763503367194,0.0675868764571856
-648.2,0.0212517456322349,0.0128059567109546,0.00645437311913159,0.0676633828714243
-647.6,0.0213078902997491,0.0128232803015123,0.00648122129878582,0.0677399735890371
-647,0.0213641800573092,0.0128406046875079,0.0065081800167016,0.0678166487074126
-646.4,0.021420615262732,0.0128579297558969,0.00653524971865964,0.067893408324125
-645.8,0.0214771962746261,0.0128752553930987,0.00656243085216038,0.0679702525369346
-645.2,0.0215339234523932,0.0128925814849951,0.00658972386642996,0.0680471814437891
-644.6,0.0215907971562294,0.0129099079169291,0.00661712921242614,0.0681241951428245
-644,0.0216478177471263,0.012927234573703,0.00664464734284435,0.0682012937323659
-643.4,0.0217049855868723,0.0129445613395774,0.00667227871212362,0.0682784773109283
-642.8,0.0217623010380541,0.0129618880982693,0.00670002377645267,0.068355745977218
-642.2,0.0218197644640576,0.0129792147329511,0.00672788299377587,0.0684330998301329
-641.6,0.0218773762290695,0.0129965411262487,0.00675585682379938,0.0685105389687642
-641,0.0219351366980782,0.0130138671602405,0.0067839457279971,0.0685880634923967
-640.4,0.0219930462368756,0.0130311927164556,0.00681215016961683,0.0686656735005102
-639.8,0.0220511052120576,0.0130485176758725,0.00684047061368629,0.0687433690927803
-639.2,0.022109313991026,0.0130658419189174,0.00686890752701927,0.0688211503690795
-638.6,0.0221676729419896,0.0130831653254634,0.00689746137822177,0.068899017429478
-638,0.0222261824339652,0.0131004877748281,0.00692613263769805,0.0689769703742452
-637.4,0.0222848428367791,0.013117809145773,0.00695492177765681,0.0690550093038497
-636.8,0.0223436545210683,0.0131351293165017,0.00698382927211737,0.0691331343189614
-636.2,0.0224026178582819,0.0131524481646583,0.00701285559691585,0.069211345520452
-635.6,0.0224617332206819,0.0131697655673262,0.00704200122971131,0.0692896430093963
-635,0.0225210009813449,0.0131870814010266,0.00707126664999197,0.0693680268870727
-634.4,0.0225804215141632,0.0132043955417169,0.00710065233908145,0.0694464972549648
-633.8,0.022639995193846,0.0132217078647897,0.00713015878014495,0.0695250542147624
-633.2,0.0226997223959208,0.0132390182450708,0.00715978645819554,0.0696036978683623
-632.6,0.0227596034967342,0.0132563265568179,0.00718953586010038,0.0696824283178695
-632,0.0228196388734539,0.0132736326737196,0.00721940747458701,0.0697612456655982
-631.4,0.0228798289040693,0.0132909364688934,0.0072494017922496,0.0698401500140734
-630.8,0.0229401739673928,0.0133082378148846,0.00727951930555532,0.0699191414660312
-630.2,0.0230006744430615,0.0133255365836647,0.00730976050885054,0.0699982201244203
-629.6,0.0230613307115379,0.0133428326466301,0.00734012589836726,0.0700773860924034
-629,0.0231221431541115,0.0133601258746005,0.00737061597222938,0.0701566394733579
-628.4,0.0231831121528999,0.0133774161378178,0.00740123123045907,0.0702359803708771
-627.8,0.02324423809085,0.0133947033059442,0.00743197217498312,0.0703154088887714
-627.2,0.0233055213517392,0.0134119872480612,0.00746283930963934,0.0703949251310697
-626.6,0.0233669623201768,0.0134292678326679,0.00749383314018294,0.0704745292020203
-626,0.0234285613816051,0.0134465449276798,0.00752495417429294,0.0705542212060918
-625.4,0.0234903189223008,0.0134638184004271,0.00755620292157854,0.0706340012479749
-624.8,0.0235522353293758,0.0134810881176536,0.00758757989358563,0.0707138694325833
-624.2,0.0236143109907789,0.0134983539455151,0.00761908560380312,0.0707938258650546
-623.6,0.0236765462952969,0.0135156157495781,0.00765072056766953,0.0708738706507521
-623,0.0237389416325557,0.0135328733948181,0.00768248530257933,0.0709540038952653
-622.4,0.0238014973930215,0.0135501267456185,0.00771438032788952,0.0710342257044121
-621.8,0.023864213968002,0.0135673756657694,0.00774640616492603,0.071114536184239
-621.2,0.0239270917496482,0.0135846200184654,0.0077785633369903,0.0711949354410231
-620.6,0.0239901311309545,0.0136018596663051,0.00781085236936579,0.0712754235812728
-620,0.024053332505761,0.0136190944712891,0.00784327378932444,0.0713560007117295
-619.4,0.0241166962687541,0.013636324294819,0.0078758281261333,0.0714366669393688
-618.8,0.0241802228154679,0.0136535489976955,0.00790851591106102,0.0715174223714015
-618.2,0.0242439125422852,0.0136707684401178,0.00794133767738445,0.0715982671152753
-617.6,0.0243077658464393,0.0136879824816813,0.00797429396039522,0.0716792012786757
-617,0.0243717831260144,0.0137051909813769,0.00800738529740631,0.0717602249695277
-616.4,0.0244359647799472,0.0137223937975895,0.00804061222775865,0.071841338295997
-615.8,0.0245003112080284,0.0137395907880962,0.0080739752928278,0.071922541366491
-615.2,0.0245648228109034,0.0137567818100655,0.00810747503603043,0.0720038342896607
-614.6,0.0246294999900735,0.0137739667200555,0.00814111200283115,0.0720852171744018
-614,0.0246943431478977,0.0137911453740128,0.00817488674074899,0.0721666901298558
-613.4,0.0247593526875932,0.0138083176272711,0.00820879979936416,0.072248253265412
-612.8,0.0248245290132368,0.0138254833345497,0.0082428517303247,0.0723299066907083
-612.2,0.0248898725297665,0.0138426423499522,0.00827704308735311,0.0724116505156331
-611.6,0.0249553836429819,0.0138597945269651,0.00831137442625317,0.0724934848503262
-611,0.0250210627595463,0.0138769397184569,0.00834584630491647,0.0725754098051806
-610.4,0.0250869102869869,0.0138940777766759,0.00838045928332931,0.072657425490844
-609.8,0.025152926633697,0.0139112085532496,0.00841521392357929,0.0727395320182197
-609.2,0.0252191122089363,0.0139283318991832,0.00845011078986209,0.0728217294984689
-608.6,0.0252854674228326,0.0139454476648579,0.0084851504484883,0.0729040180430114
-608,0.0253519926863828,0.0139625557000301,0.00852033346789001,0.0729863977635276
-607.4,0.0254186884114542,0.0139796558538297,0.00855566041862775,0.0730688687719596
-606.8,0.0254855550107852,0.0139967479747588,0.00859113187339716,0.0731514311805131
-606.2,0.0255525928979874,0.0140138319106908,0.00862674840703583,0.0732340851016588
-605.6,0.0256198024875456,0.0140309075088683,0.00866251059653011,0.0733168306481334
-605,0.02568718419482,0.0140479746159028,0.00869841902102186,0.0733996679329423
-604.4,0.0257547384360466,0.0140650330777726,0.00873447426181535,0.0734825970693599
-603.8,0.0258224656283389,0.0140820827398216,0.00877067690238403,0.0735656181709322
-603.2,0.0258903661896887,0.0140991234467585,0.00880702752837737,0.0736487313514776
-602.6,0.0259584405389675,0.014116155042655,0.00884352672762781,0.073731936725089
-602,0.0260266890959272,0.0141331773709448,0.00888017509015745,0.0738152344061351
-601.4,0.0260951122812021,0.0141501902744222,0.00891697320818507,0.0738986245092625
-600.8,0.0261637105163089,0.0141671935952409,0.00895392167613292,0.0739821071493966
-600.2,0.026232484223649,0.0141841871749125,0.00899102109063364,0.0740656824417439
-599.5,0.0263129425577096,0.0142040004938015,0.00903449531960768,0.0741633042056756
-598.9,0.0263820979081789,0.0142209724208857,0.00907192384232856,0.0742470806410555
-598.3,0.026451430074331,0.0142379341006943,0.0091095052155998,0.074330950095341
-597.7,0.0265209394822634,0.0142548853720511,0.0091472400453383,0.074414912684927
-597.1,0.0265906265589634,0.0142718260731312,0.00918512893970705,0.0744989685264976
-596.5,0.0266604917323097,0.0142887560414603,0.00922317250912209,0.0745831177370288
-595.9,0.0267305354310729,0.0143056751139133,0.00926137136625946,0.0746673604337893
-595.3,0.0268007580849173,0.014322583126713,0.00929972612606214,0.074751696734343
-594.7,0.0268711601244015,0.014339479915429,0.00933823740574698,0.07483612675655
-594.1,0.0269417419809798,0.0143563653149763,0.00937690582481179,0.0749206506185694
-593.5,0.0270125040870032,0.0143732391596145,0.00941573200504214,0.0750052684388602
-592.9,0.0270834468757204,0.014390101282946,0.00945471657051852,0.0750899803361834
-592.3,0.0271545707812791,0.0144069515179155,0.00949386014762321,0.0751747864296043
-591.7,0.0272258762387271,0.0144237896968082,0.00953316336504731,0.0752596868384936
-591.1,0.0272973636840132,0.014440615651249,0.00957262685379781,0.0753446816825299
-590.5,0.0273690335539885,0.0144574292122013,0.00961225124720451,0.0754297710817012
-589.9,0.0274408862864073,0.0144742302099657,0.00965203718092707,0.075514955156307
-589.3,0.0275129223199284,0.014491018474179,0.00969198529296208,0.0756002340269602
-588.7,0.027585142094116,0.0145077938338128,0.00973209622365003,0.0756856078145889
-588.1,0.0276575460494409,0.0145245561171727,0.00977237061568237,0.0757710766404386
-587.5,0.0277301346272815,0.014541305151897,0.00981280911410855,0.0758566406260738
-586.9,0.0278029082699248,0.0145580407649554,0.00985341236634311,0.0759422998933802
-586.3,0.0278758674205679,0.0145747627826482,0.00989418102217264,0.0760280545645672
-585.7,0.0279490125233184,0.0145914710306051,0.00993511573376291,0.0761139047621687
-585.1,0.0280223440231959,0.014608165333784,0.00997621715566597,0.0761998506090464
-584.5,0.0280958623661331,0.0146248455164699,0.0100174859448271,0.0762858922283911
-583.9,0.0281695679989766,0.014641511402274,0.010058922760592,0.0763720297437249
-583.3,0.028243461369488,0.0146581628141324,0.0101005282647137,0.0764582632789036
-582.7,0.0283175429263452,0.0146747995743052,0.0101423031213599,0.0765445929581184
-582.1,0.0283918131191431,0.0146914215043753,0.0101842479971199,0.0766310189058982
-581.5,0.028466272398395,0.0147080284252475,0.0102263635610115,0.0767175412471118
-580.9,0.0285409212155333,0.0147246201571474,0.0102686504844887,0.07680416010697
-580.3,0.0286157600229106,0.0147411965196204,0.0103111094414479,0.0768908756110278
-579.7,0.0286907892738011,0.0147577573315304,0.0103537411082358,0.0769776878851864
-579.1,0.0287660094224011,0.0147743024110592,0.0103965461636562,0.0770645970556958
-578.5,0.0288414209238303,0.0147908315757053,0.0104395252889768,0.0771516032491569
-577.9,0.0289170242341329,0.014807344642283,0.010482679167937,0.0772387065925233
-577.3,0.0289928198102782,0.0148238414269211,0.0105260084867544,0.0773259072131043
-576.7,0.0290688081101623,0.0148403217450623,0.010569513934132,0.0774132052385667
-576.1,0.0291449895926084,0.0148567854114622,0.0106131962012657,0.0775006007969374
-575.5,0.0292213647173682,0.014873232240188,0.0106570559818509,0.0775880940166053
-574.9,0.0292979339451228,0.014889662044618,0.0107010939720901,0.0776756850263243
-574.3,0.0293746977374839,0.0149060746374403,0.0107453108706996,0.0777633739552151
-573.7,0.0294516565569942,0.014922469830652,0.0107897073789167,0.0778511609327677
-573.1,0.0295288108671291,0.0149388474355587,0.0108342842005073,0.0779390460888442
-572.5,0.0296061611322973,0.0149552072627726,0.0108790420417723,0.0780270295536808
-571.9,0.0296837078178417,0.0149715491222128,0.010923981611555,0.0781151114578905
-571.3,0.0297614513900406,0.0149878728231034,0.0109691036212485,0.0782032919324653
-570.7,0.0298393923161086,0.0150041781739733,0.0110144087848025,0.0782915711087793
-570.1,0.0299175310641974,0.0150204649826551,0.0110598978187305,0.0783799491185903
-569.5,0.0299958681033972,0.0150367330562842,0.0111055714421168,0.0784684260940432
-568.9,0.0300744039037369,0.015052982201298,0.0111514303766238,0.0785570021676721
-568.3,0.030153138936186,0.0150692122234352,0.0111974753464991,0.078645677472403
-567.7,0.0302320736726546,0.0150854229277349,0.0112437070785824,0.0787344521415565
-567.1,0.0303112085859951,0.0151016141185356,0.0112901263023129,0.0788233263088504
-566.5,0.0303905441500026,0.0151177855994747,0.0113367337497363,0.0789123001084021
-565.9,0.0304700808394163,0.0151339371734879,0.0113835301555115,0.0790013736747316
-565.3,0.0305498191299199,0.0151500686428077,0.0114305162569185,0.0790905471427641
-564.7,0.030629759498143,0.0151661798089634,0.0114776927938648,0.0791798206478326
-564.1,0.0307099024216617,0.0151822704727801,0.0115250605088928,0.0792691943256811
-563.5,0.0307902483789997,0.0151983404343778,0.0115726201471869,0.0793586683124668
-562.9,0.0308707978496292,0.015214389493171,0.0116203724565803,0.079448242744763
-562.3,0.0309515513139715,0.0152304174478676,0.0116683181875626,0.0795379177595623
-561.7,0.0310325092533984,0.0152464240964689,0.0117164580932862,0.0796276934942792
-561.1,0.0311136721502326,0.015262409236268,0.0117647929295741,0.079717570086753
-560.5,0.031195040487749,0.01527837266385,0.0118133234549264,0.0798075476752505
-559.9,0.0312766147501753,0.0152943141750909,0.0118620504305275,0.0798976263984694
-559.3,0.0313583954226929,0.0153102335651569,0.0119109746202534,0.0799878063955407
-558.7,0.0314403829914379,0.0153261306285043,0.0119600967906782,0.0800780878060322
-558.1,0.031522577943502,0.0153420051588784,0.0120094177110819,0.080168470769951
-557.5,0.0316049807669331,0.0153578569493129,0.0120589381534567,0.0802589554277472
-556.9,0.0316875919507364,0.0153736857921298,0.0121086588925144,0.080349541920316
-556.3,0.0317704119848753,0.0153894914789384,0.0121585807056934,0.0804402303890018
-555.7,0.0318534413602717,0.015405273800635,0.0122087043731655,0.0805310209756004
-555.1,0.0319366805688077,0.0154210325474023,0.0122590306778432,0.0806219138223631
-554.5,0.0320201301033257,0.0154367675087088,0.0123095604053864,0.080712909071999
-553.9,0.0321037904576296,0.0154524784733087,0.0123602943442096,0.0808040068676787
-553.3,0.0321876621264857,0.0154681652292408,0.0124112332854886,0.0808952073530373
-552.7,0.0322717456056229,0.0154838275638285,0.0124623780231678,0.0809865106721779
-552.1,0.0323560413917344,0.0154994652636794,0.0125137293539668,0.0810779169696746
-551.5,0.0324405499824778,0.0155150781146846,0.0125652880773876,0.0811694263905758
-550.9,0.0325252718764763,0.0155306659020183,0.0126170549957213,0.0812610390804081
-550.3,0.0326102075733192,0.0155462284101379,0.0126690309140552,0.0813527551851788
-549.7,0.032695357573563,0.0155617654227828,0.0127212166402796,0.0814445748513802
-549.1,0.0327807223787318,0.0155772767229749,0.0127736129850947,0.0815364982259925
-548.5,0.0328663024913185,0.0155927620930177,0.0128262207620174,0.081628525456487
-547.9,0.0329520984147853,0.0156082213144962,0.0128790407873883,0.0817206566908305
-547.3,0.0330381106535644,0.0156236541682765,0.0129320738803785,0.081812892077488
-546.7,0.033124339713059,0.0156390604345058,0.0129853208629962,0.0819052317654268
-546.1,0.0332107860996438,0.0156544398926116,0.0130387825600939,0.0819976759041197
-545.5,0.033297450320666,0.0156697923213021,0.0130924597993749,0.082090224643549
-544.9,0.0333843328844459,0.0156851174985655,0.0131463534114002,0.0821828781342096
-544.3,0.0334714343002775,0.0157004152016699,0.0132004642295952,0.0822756365271135
-543.7,0.0335587550784294,0.0157156852071636,0.0132547930902565,0.082368499973793
-543.1,0.0336462957301456,0.0157309272908739,0.0133093408325587,0.0824614686263043
-542.5,0.0337340567676458,0.015746141227908,0.0133641082985608,0.0825545426372319
-541.9,0.0338220387041268,0.0157613267926525,0.0134190963332134,0.0826477221596919
-541.3,0.0339102420537624,0.015776483758773,0.0134743057843648,0.0827410073473362
-540.7,0.0339986673317047,0.0157916118992146,0.0135297375027681,0.0828343983543563
-540.1,0.0340873150540845,0.0158067109862011,0.0135853923420876,0.082927895335487
-539.5,0.034176185738012,0.0158217807912358,0.0136412711589056,0.0830214984460108
-538.9,0.0342652799015776,0.0158368210851009,0.0136973748127287,0.0831152078417617
-538.3,0.0343545980638523,0.0158518316378578,0.0137537041659947,0.0832090236791294
-537.7,0.0344441407448887,0.0158668122188468,0.0138102600840788,0.0833029461150629
-537.1,0.0345339084657215,0.0158817625966877,0.0138670434353004,0.0833969753070755
-536.5,0.034623901748368,0.0158966825392793,0.0139240550909296,0.083491111413248
-535.9,0.0347141211158288,0.0159115718137998,0.0139812959251935,0.0835853545922336
-535.3,0.0348045670920888,0.015926430186707,0.0140387668152826,0.083679705003262
-534.7,0.0348952402021171,0.0159412574237381,0.0140964686413576,0.0837741628061435
-534.1,0.0349861409718683,0.0159560532899105,0.0141544022865555,0.0838687281612733
-533.5,0.0350772699282827,0.015970817549521,0.0142125686369959,0.0839634012296362
-532.9,0.0351686275992871,0.0159855499661472,0.0142709685817876,0.0840581821728107
-532.3,0.0352602145137953,0.0160002503026468,0.0143296030130349,0.0841530711529737
-531.7,0.0353520312017087,0.0160149183211584,0.0143884728258435,0.0842480683329048
-531.1,0.0354440781939169,0.0160295537831015,0.0144475789183275,0.0843431738759907
-530.5,0.0355363560222982,0.0160441564491771,0.0145069221916148,0.0844383879462302
-529.9,0.0356288652197201,0.0160587260793678,0.0145665035498539,0.0845337107082384
-529.3,0.0357216063200403,0.0160732624329382,0.0146263239002198,0.0846291423272517
-528.7,0.0358145798581067,0.0160877652684356,0.0146863841529203,0.0847246829691322
-528.1,0.035907786369758,0.0161022343436899,0.014746685221202,0.0848203328003728
-527.5,0.0360012263918248,0.0161166694158148,0.0148072280213563,0.0849160919881016
-526.9,0.0360949004621292,0.0161310702412074,0.0148680134727257,0.0850119607000872
-526.3,0.0361888091194862,0.0161454365755494,0.0149290424977097,0.085107939104743
-525.7,0.0362829529037036,0.0161597681738073,0.0149903160217705,0.0852040273711328
-525.1,0.0363773323555829,0.0161740647902332,0.0150518349734394,0.0853002256689753
-524.5,0.0364719480169196,0.016188326178365,0.0151136002843224,0.0853965341686493
-523.9,0.0365668004305035,0.0162025520910276,0.0151756128891062,0.0854929530411987
-523.3,0.0366618901401195,0.0162167422803331,0.015237873725564,0.0855894824583379
-522.7,0.036757217690548,0.0162308964976817,0.0153003837345611,0.0856861225924567
-522.1,0.0368527836275652,0.0162450144937622,0.0153631438600611,0.0857828736166254
-521.5,0.0369485884979438,0.0162590960185531,0.0154261550491311,0.0858797357046006
-520.9,0.0370446328494529,0.016273140821323,0.0154894182519478,0.08597670903083
-520.3,0.0371409172308593,0.0162871486506319,0.0155529344218029,0.0860737937704581
-519.7,0.037237442191927,0.0163011192543313,0.0156167045151085,0.0861709900993314
-519.1,0.0373342082834186,0.0163150523795659,0.0156807294914034,0.0862682981940043
-518.5,0.0374312160570945,0.016328947772774,0.0157450103133576,0.0863657182317439
-517.9,0.0375284660657145,0.0163428051796885,0.0158095479467785,0.0864632503905365
-517.3,0.0376259588630373,0.0163566243453379,0.015874343360616,0.0865608948490925
-516.7,0.0377236950038214,0.0163704050140475,0.0159393975269679,0.0866586517868524
-516.1,0.0378216750438252,0.0163841469294403,0.0160047114210853,0.0867565213839926
-515.5,0.0379198995398077,0.0163978498344379,0.0160702860213777,0.0868545038214313
-514.9,0.0380183690495283,0.0164115134712618,0.0161361223094186,0.086952599280834
-514.3,0.0381170841317475,0.0164251375814346,0.0162022212699502,0.0870508079446198
-513.7,0.0382160453462274,0.0164387219057813,0.0162685838908887,0.0871491299959671
-513.1,0.0383152532537316,0.0164522661844299,0.0163352111633297,0.0872475656188201
-512.5,0.0384147084160258,0.0164657701568135,0.0164021040815527,0.0873461149978941
-511.9,0.0385144113958782,0.0164792335616708,0.0164692636430263,0.0874447783186827
-511.3,0.0386143627570593,0.0164926561370481,0.0165366908484132,0.0875435557674629
-510.7,0.0387145630643427,0.0165060376203003,0.0166043867015751,0.0876424475313025
-510.1,0.0388150128835053,0.0165193777480923,0.016672352209577,0.0877414537980655
-509.5,0.0389157127813273,0.0165326762564006,0.0167405883826927,0.0878405747564193
-508.9,0.0390166633255928,0.0165459328805148,0.016809096234409,0.0879398105958405
-508.3,0.0391178650850895,0.0165591473550388,0.0168778767814302,0.0880391615066217
-507.7,0.0392193186296099,0.0165723194138927,0.0169469310436834,0.0881386276798784
-507.1,0.0393210245299504,0.0165854487903146,0.017016260044322,0.0882382093075553
-506.5,0.0394229833579124,0.0165985352168614,0.017085864809731,0.088337906582433
-505.9,0.0395251956863019,0.0166115784254116,0.0171557463695308,0.0884377196981351
-505.3,0.0396276620889302,0.0166245781471659,0.017225905756582,0.0885376488491348
-504.7,0.0397303831406139,0.0166375341126502,0.0172963440069892,0.0886376942307621
-504.1,0.0398333594171747,0.0166504460517161,0.0173670621601056,0.0887378560392105
-503.5,0.0399365914954403,0.0166633136935439,0.0174380612585368,0.0888381344715444
-502.9,0.0400400799532438,0.0166761367666438,0.0175093423481449,0.0889385297257059
-502.3,0.0401438253694246,0.016688914998858,0.0175809064780527,0.0890390420005224
-501.7,0.0402478283238279,0.016701648117363,0.0176527547006474,0.0891396714957135
-501.1,0.040352089397305,0.0167143358486712,0.0177248880715845,0.0892404184118987
-500.5,0.0404566091717138,0.0167269779186331,0.0177973076497917,0.0893412829506049
-499.8,0.0405788766554149,0.0167416689227266,0.0178821603091615,0.0894591071776884
-499.2,0.0406839589493994,0.016754211116147,0.0179552036514432,0.0895602272609071
-498.6,0.0407893017935049,0.0167667067757397,0.0180285365758937,0.0896614656108854
-498,0.0408949057737829,0.0167791556246213,0.0181021601551132,0.089762822433012
-497.4,0.041000771477292,0.016791557385258,0.0181760754649921,0.0898642979336221
-496.8,0.0411068994920971,0.016803911779468,0.0182502835847144,0.0899658923200059
-496.2,0.0412132904072702,0.0168162185284241,0.018324785596761,0.0900676058004166
-495.6,0.0413199448128901,0.016828477352656,0.0183995825869129,0.0901694385840779
-495,0.0414268633000426,0.0168406879720529,0.0184746756442539,0.0902713908811928
-494.4,0.04153404646082,0.0168528501058662,0.0185500658611738,0.0903734629029516
-493.8,0.0416414948883218,0.0168649634727119,0.0186257543333713,0.09047565486154
-493.2,0.0417492091766541,0.0168770277905736,0.0187017421598567,0.0905779669701479
-492.6,0.04185718992093,0.0168890427768048,0.0187780304429544,0.0906803994429778
-492,0.0419654377172692,0.0169010081481322,0.0188546202883061,0.0907829524952532
-491.4,0.0420739531627983,0.0169129236206581,0.0189315128048726,0.0908856263432276
-490.8,0.0421827368556504,0.0169247889098636,0.0190087091049366,0.0909884212041928
-490.2,0.0422917893949652,0.0169366037306115,0.0190862103041051,0.0910913372964883
-489.6,0.042401111380889,0.0169483677971492,0.0191640175213112,0.09119437483951
-489,0.0425107034145744,0.0169600808231119,0.0192421318788169,0.0912975340537189
-488.4,0.0426205660981803,0.0169717425215257,0.0193205545022144,0.0914008151606511
-487.8,0.0427307000348717,0.0169833526048107,0.0193992865204284,0.0915042183829261
-487.2,0.0428411058288197,0.0169949107847846,0.0194783290657181,0.0916077439442568
-486.6,0.0429517840852013,0.0170064167726654,0.0195576832736785,0.0917113920694585
-486,0.0430627354101991,0.0170178702790752,0.0196373502832424,0.0918151629844587
-485.4,0.0431739604110014,0.0170292710140438,0.0197173312366815,0.0919190569163065
-484.8,0.0432854596958016,0.0170406186870116,0.0197976272796082,0.0920230740931824
-484.2,0.0433972338737987,0.0170519130068338,0.0198782395609767,0.0921272147444086
-483.6,0.0435092835551961,0.0170631536817835,0.0199591692330842,0.092231479100458
-483,0.0436216093512024,0.0170743404195556,0.0200404174515719,0.092335867392965
-482.4,0.0437342118740305,0.0170854729272708,0.020121985375426,0.0924403798547351
-481.8,0.0438470917368975,0.0170965509114789,0.0202038741669786,0.0925450167197558
-481.2,0.0439602495540245,0.0171075740781631,0.0202860849919083,0.0926497782232062
-480.6,0.0440736859406365,0.0171185421327438,0.020368619019241,0.092754664601468
-480,0.0441874015129617,0.0171294547800826,0.0204514774213501,0.092859676092136
-479.4,0.0443013968882315,0.0171403117244864,0.0205346613739568,0.0929648129340286
-478.8,0.0444156726846803,0.0171511126697116,0.0206181720561307,0.0930700753671986
-478.2,0.0445302295215447,0.0171618573189682,0.0207020106502898,0.0931754636329443
-477.6,0.0446450680190636,0.0171725453749243,0.0207861783421999,0.0932809779738204
-477,0.0447601887984778,0.0171831765397103,0.0208706763209754,0.0933866186336492
-476.4,0.0448755924820293,0.0171937505149235,0.0209555057790781,0.0934923858575318
-475.8,0.0449912796929614,0.0172042670016323,0.0210406679123173,0.0935982798918596
-475.2,0.045107251055518,0.0172147257003814,0.021126163919849,0.0937043009843257
-474.6,0.0452235071949431,0.0172251263111956,0.0212119950041755,0.0938104493839366
-474,0.0453400487374807,0.0172354685335853,0.0212981623711439,0.0939167253410238
-473.4,0.0454568763103743,0.0172457520665511,0.0213846672299458,0.094023129107256
-472.8,0.045573990541866,0.0172559766085885,0.021471510793116,0.0941296609356508
-472.2,0.0456913920611969,0.017266141857693,0.0215586942765307,0.0942363210805868
-471.6,0.0458090814986057,0.0172762475113652,0.0216462188994069,0.0943431097978163
-471,0.0459270594853288,0.0172862932666161,0.0217340858843,0.0944500273444772
-470.4,0.0460453266535997,0.0172962788199719,0.0218222964571027,0.094557073979106
-469.8,0.0461638836366483,0.0173062038674797,0.0219108518470428,0.09466424996165
-469.2,0.0462827310687005,0.0173160681047125,0.0219997532866811,0.0947715555534804
-468.6,0.0464018695849777,0.0173258712267751,0.0220890020119093,0.0948789910174051
-468,0.0465212998216961,0.0173356129283095,0.0221785992619477,0.0949865566176822
-467.4,0.0466410224160663,0.0173452929035003,0.0222685462793426,0.0950942526200325
-466.8,0.0467610380062925,0.0173549108460808,0.0223588443099635,0.0952020792916535
-466.2,0.0468813472315721,0.0173644664493386,0.0224494946030003,0.0953100369012327
-465.6,0.0470019507320948,0.0173739594061214,0.0225404984109603,0.0954181257189612
-465,0.0471228491490424,0.0173833894088435,0.0226318569896648,0.0955263460165475
-464.4,0.0472440431245878,0.0173927561494912,0.0227235715982462,0.0956346980672318
-463.8,0.0473655333018943,0.0174020593196297,0.0228156434991437,0.0957431821457997
-463.2,0.0474873203251153,0.0174112986104088,0.0229080739581002,0.0958517985285965
-462.6,0.0476094048393932,0.0174204737125694,0.0230008642441579,0.0959605474935423
-462,0.0477317874908589,0.0174295843164505,0.0230940156296545,0.0960694293201456
-461.4,0.047854468926631,0.0174386301119948,0.0231875293902187,0.0961784442895187
-460.8,0.0479774497948151,0.0174476107887564,0.0232814068047658,0.0962875926843926
-460.2,0.0481007307445031,0.0174565260359068,0.023375649155493,0.0963968747891316
-459.6,0.0482243124257722,0.0174653755422421,0.0234702577278744,0.0965062908897493
-459,0.0483481954896844,0.01747415899619,0.0235652338106561,0.0966158412739233
-458.4,0.0484723805882855,0.0174828760858168,0.0236605786958507,0.0967255262310113
-457.8,0.0485968683746044,0.0174915264988345,0.0237562936787319,0.0968353460520666
-457.2,0.0487216595026522,0.0175001099226082,0.0238523800578289,0.0969453010298542
-456.6,0.0488467546274213,0.0175086260441636,0.0239488391349203,0.0970553914588665
-456,0.0489721544048847,0.0175170745501941,0.0240456722150281,0.0971656176353404
-455.4,0.049097859491995,0.0175254551270689,0.0241428806064113,0.0972759798572731
-454.8,0.0492238705466833,0.0175337674608404,0.0242404656205595,0.0973864784244389
-454.2,0.0493501882278587,0.0175420112372522,0.0243384285721857,0.0974971136384063
-453.6,0.0494768131954072,0.0175501861417469,0.0244367707792197,0.0976078858025547
-453,0.0496037461101906,0.0175582918594744,0.0245354935628009,0.0977187952220919
-452.4,0.0497309876340456,0.0175663280752997,0.0246345982472705,0.0978298422040714
-451.8,0.049858538429783,0.0175742944738116,0.0247340861601638,0.0979410270574102
-451.2,0.0499863991611866,0.017582190739331,0.0248339586322028,0.0980523500929063
-450.6,0.0501145704930118,0.0175900165559192,0.0249342169972873,0.0981638116232571
-450,0.0502430530909854,0.0175977716073869,0.0250348625924871,0.0982754119630772
-449.4,0.0503718476218038,0.0176054555773028,0.0251358967580329,0.0983871514289174
-448.8,0.0505009547531322,0.0176130681490024,0.0252373208373075,0.0984990303392829
-448.2,0.0506303751536035,0.0176206090055974,0.0253391361768368,0.0986110490146522
-447.6,0.0507601094928173,0.0176280778299845,0.0254413441262802,0.0987232077774963
-447,0.0508901584413388,0.0176354743048549,0.0255439460384207,0.0988355069522981
-446.4,0.0510205226706972,0.0176427981127037,0.0256469432691555,0.0989479468655717
-445.8,0.0511512028533853,0.0176500489358393,0.0257503371774853,0.0990605278458823
-445.2,0.0512821996628578,0.0176572264563933,0.025854129125504,0.0991732502238658
-444.6,0.05141351377353,0.0176643303563302,0.0259583204783877,0.0992861143322495
-444,0.0515451458607773,0.0176713603174576,0.0260629126043841,0.0993991205058724
-443.4,0.0516770966009331,0.0176783160214358,0.0261679068748008,0.0995122690817055
-442.8,0.0518093666712881,0.0176851971497887,0.0262733046639937,0.0996255603988732
-442.2,0.0519419567500891,0.0176920033839136,0.0263791073493554,0.0997389947986739
-441.6,0.0520748675165373,0.0176987344050921,0.0264853163113023,0.099852572624602
-441,0.0522080996507872,0.0177053898945008,0.0265919329332632,0.0999662942223691
-440.4,0.0523416538339456,0.0177119695332218,0.0266989586016653,0.100080159939926
-439.8,0.0524755307480698,0.0177184730022541,0.026806394705922,0.100194170127484
-439.2,0.0526097310761664,0.0177248999825242,0.0269142426384189,0.100308325137541
-438.6,0.0527442555021899,0.0177312501548981,0.0270225037945006,0.100422625324897
-438,0.0528791047110416,0.0177375232001922,0.0271311795724559,0.100537071046685
-437.4,0.0530142793885679,0.017743718799185,0.0272402713735044,0.100651662662388
-436.8,0.0531497802215588,0.0177498366326288,0.0273497806017807,0.100766400533866
-436.2,0.0532856078977467,0.0177558763812621,0.0274597086643203,0.10088128502538
-435.6,0.0534217631058047,0.017761837725821,0.0275700569710438,0.100996316503612
-435,0.0535582465353455,0.0177677203470519,0.0276808269347412,0.101111495337695
-434.4,0.0536950588769194,0.0177735239257237,0.0277920199710558,0.101226821899231
-433.8,0.053832200822013,0.0177792481426406,0.027903637498468,0.101342296562322
-433.2,0.0539696730630479,0.0177848926786546,0.0280156809382783,0.101457919703593
-432.6,0.0541074762933788,0.0177904572146786,0.0281281517145904,0.101573691702215
-432,0.0542456112072918,0.0177959414316996,0.0282410512542936,0.101689612939934
-431.4,0.0543840785000034,0.0178013450107917,0.0283543809870448,0.101805683801096
-430.8,0.0545228788676582,0.0178066676331298,0.0284681423452507,0.101921904672673
-430.2,0.0546620130073279,0.0178119089800032,0.0285823367640487,0.10203827594429
-429.6,0.0548014816170089,0.0178170687328294,0.0286969656812882,0.102154798008253
-429,0.0549412853956214,0.0178221465731681,0.0288120305375111,0.102271471259573
-428.4,0.055081425043007,0.0178271421827354,0.0289275327759322,0.102388296095998
-427.8,0.0552219012599277,0.0178320552434185,0.0290434738424188,0.102505272918038
-427.2,0.0553627147480633,0.0178368854372897,0.0291598551854703,0.102622402128994
-426.6,0.0555038662100104,0.017841632446622,0.029276678256197,0.102739684134988
-426,0.0556453563492803,0.0178462959539032,0.029393944508299,0.10285711934499
-425.4,0.0557871858702971,0.0178508756418517,0.0295116553980441,0.102974708170849
-424.8,0.0559293554783962,0.0178553711934319,0.0296298123842457,0.103092451027322
-424.2,0.0560718658798219,0.0178597822918696,0.0297484169282401,0.103210348332103
-423.6,0.0562147177817263,0.0178641086206677,0.0298674704938634,0.103328400505854
-423,0.0563579118921666,0.0178683498636225,0.0299869745474277,0.10344660797224
-422.4,0.056501448920104,0.01787250570484,0.0301069305576974,0.103564971157951
-421.8,0.056645329575401,0.0178765758287521,0.0302273399958646,0.103683490492745
-421.2,0.0567895545688199,0.0178805599201334,0.0303482043355241,0.103802166409467
-420.6,0.056934124612021,0.017884457664118,0.0304695250526482,0.103920999344095
-420,0.05707904041756,0.017888268746217,0.0305913036255605,0.104039989735762
-419.4,0.0572243026988867,0.0178919928523354,0.0307135415349097,0.104159138026793
-418.8,0.0573699121703421,0.01789562966879,0.030836240263643,0.104278444662741
-418.2,0.0575158695471574,0.0178991788823272,0.0309594012969783,0.104397910092416
-417.6,0.057662175545451,0.0179026401801409,0.0310830261223767,0.104517534767922
-417,0.0578088308822269,0.0179060132498909,0.031207116229514,0.104637319144694
-416.4,0.0579558362753724,0.0179092977797216,0.0313316731102519,0.104757263681528
-415.8,0.0581031924436561,0.0179124934582805,0.0314566982586086,0.104877368840621
-415.2,0.0582509001067254,0.0179155999747376,0.0315821931707289,0.104997635087605
-414.6,0.0583989599851049,0.0179186170188044,0.0317081593448537,0.105118062891582
-414,0.0585473728001935,0.0179215442807537,0.0318345982812889,0.105238652725167
-413.4,0.0586961392742627,0.0179243814514392,0.0319615114823743,0.105359405064518
-412.8,0.0588452601304539,0.0179271282223158,0.0320889004524509,0.105480320389377
-412.2,0.0589947360927768,0.0179297842854599,0.0322167666978289,0.105601399183111
-411.6,0.0591445678861061,0.0179323493335899,0.0323451117267539,0.105722641932746
-411,0.0592947562361802,0.0179348230600872,0.0324739370493732,0.10584404912901
-410.4,0.0594453018695981,0.0179372051590174,0.0326032441777017,0.10596562126637
-409.8,0.0595962055138176,0.0179394953251516,0.0327330346255868,0.106087358843075
-409.2,0.0597474678971523,0.0179416932539884,0.0328633099086724,0.106209262361194
-408.6,0.0598990897487696,0.0179437986417759,0.0329940715443633,0.106331332326661
-408,0.0600510717986884,0.0179458111855336,0.0331253210517879,0.106453569249311
-407.4,0.060203414777776,0.0179477305830757,0.0332570599517612,0.106575973642929
-406.8,0.0603561194177465,0.0179495565330334,0.0333892897667461,0.106698546025289
-406.2,0.0605091864511572,0.0179512887348785,0.0335220120208152,0.106821286918197
-405.6,0.0606626166114073,0.0179529268889468,0.0336552282396112,0.106944196847538
-405,0.0608164106327342,0.0179544706964621,0.0337889399503069,0.107067276343316
-404.4,0.0609705692502116,0.0179559198595601,0.0339231486815643,0.107190525939703
-403.8,0.0611250931997469,0.0179572740813131,0.0340578559634935,0.107313946175084
-403.2,0.0612799832180782,0.0179585330657546,0.0341930633276103,0.107437537592101
-402.6,0.0614352400427717,0.0179596965179046,0.0343287723067937,0.107561300737703
-402,0.0615908644122195,0.0179607641437953,0.0344649844352423,0.10768523616319
-401.4,0.0617468570656363,0.0179617356504963,0.0346017012484299,0.107809344424263
-400.8,0.0619032187430569,0.0179626107461413,0.0347389242830606,0.107933626081072
-400.2,0.0620599501853337,0.0179633891399544,0.0348766550770236,0.108058081698267
-399.5,0.0622432718658563,0.0179641746593269,0.035037984807977,0.10820350054455
-398.9,0.0624008070107335,0.0179647425403421,0.0351768210283314,0.108328335034714
-398.3,0.0625587142718596,0.0179652128062357,0.0353161698852836,0.108453345303566
-397.7,0.0627169943934624,0.0179655851710681,0.0354560329211505,0.108578531935041
-397.1,0.0628756481205723,0.0179658593501328,0.0355964116791856,0.10870389551784
-396.5,0.0630346761990198,0.017966035059985,0.0357373077035287,0.108829436645476
-395.9,0.0631940793754321,0.0179661120184709,0.0358787225391543,0.108955155916336
-395.3,0.0633538583972304,0.0179660899447569,0.0360206577318199,0.109081053933729
-394.7,0.0635140140126269,0.0179659685593598,0.0361631148280126,0.109207131305944
-394.1,0.0636745469706218,0.0179657475841769,0.0363060953748958,0.109333388646309
-393.5,0.0638354580210001,0.017965426742517,0.0364496009202546,0.10945982657324
-392.9,0.0639967479143289,0.017965005759131,0.0365936330124397,0.109586445710308
-392.3,0.0641584174019537,0.017964484360244,0.0367381932003118,0.109713246686288
-391.7,0.064320467235996,0.0179638622735869,0.0368832830331839,0.109840230135226
-391.1,0.0644828981693497,0.0179631392284287,0.0370289040607632,0.109967396696493
-390.5,0.0646457109556781,0.0179623149556096,0.0371750578330922,0.110094747014849
-389.9,0.0648089063494107,0.017961389187574,0.0373217459004885,0.110222281740501
-389.3,0.0649724851057398,0.0179603616584041,0.0374689698134838,0.110350001529168
-388.7,0.0651364479806176,0.0179592321038544,0.0376167311227624,0.110477907042145
-388.1,0.0653007957307526,0.017958000261386,0.0377650313790979,0.110605998946362
-387.5,0.0654655291136066,0.0179566658702015,0.0379138721332896,0.110734277914451
-386.9,0.0656306488873912,0.0179552286712808,0.0380632549360975,0.110862744624815
-386.3,0.0657961558110642,0.0179536884074171,0.0382131813381767,0.110991399761688
-385.7,0.0659620506443268,0.017952044823253,0.0383636528900102,0.111120244015205
-385.1,0.0661283341476198,0.0179502976653178,0.0385146711418413,0.111249278081472
-384.5,0.0662950070821203,0.0179484466820648,0.0386662376436047,0.111378502662632
-383.9,0.066462070209738,0.017946491623909,0.0388183539448562,0.111507918466935
-383.3,0.0666295242931123,0.0179444322432662,0.0389710215947016,0.111637526208812
-382.7,0.0667973700956079,0.0179422682945912,0.039124242141725,0.111767326608941
-382.1,0.0669656083813121,0.0179399995344177,0.039278017133915,0.111897320394326
-381.5,0.0671342399150309,0.0179376257213982,0.0394323481185906,0.112027508298365
-380.9,0.0673032654622851,0.0179351466163445,0.0395872366423255,0.112157891060929
-380.3,0.0674726857893073,0.0179325619822691,0.0397426842508716,0.112288469428434
-379.7,0.0676425016630376,0.0179298715844261,0.0398986924890808,0.112419244153921
-379.1,0.0678127138511205,0.0179270751903542,0.0400552629008264,0.112550215997129
-378.5,0.0679833231219009,0.0179241725699189,0.0402123970289225,0.112681385724578
-377.9,0.06815433024442,0.017921163495356,0.0403700964150428,0.112812754109648
-377.3,0.0683257359884124,0.0179180477413157,0.0405283625996374,0.112944321932657
-376.7,0.0684975411243016,0.0179148250849066,0.0406871971218499,0.113076089980944
-376.1,0.0686697464231964,0.0179114953057413,0.0408466015194308,0.113208059048954
-375.5,0.0688423526568871,0.0179080581859818,0.0410065773286522,0.113340229938319
-374.9,0.0690153605978415,0.017904513510386,0.0411671260842195,0.113472603457944
-374.3,0.069188771019201,0.0179008610663542,0.041328249319182,0.113605180424096
-373.7,0.0693625846947769,0.0178971006439773,0.0414899485648432,0.113737961660487
-373.1,0.0695368023990462,0.0178932320360843,0.0416522253506682,0.113870947998365
-372.5,0.0697114249071474,0.0178892550382919,0.041815081204191,0.114004140276604
-371.9,0.069886452994877,0.0178851694490533,0.0419785176509197,0.114137539341793
-371.3,0.0700618874386852,0.0178809750697086,0.0421425362142408,0.114271146048332
-370.7,0.0702377290156716,0.017876671704536,0.0423071384153215,0.11440496125852
-370.1,0.0704139785035813,0.0178722591608027,0.0424723257730107,0.114538985842656
-369.5,0.0705906366808008,0.0178677372488175,0.0426380998037391,0.114673220679128
-368.9,0.0707677043263538,0.0178631057819838,0.042804462021417,0.114807666654518
-368.3,0.0709451822198967,0.017858364576853,0.042971413937331,0.114942324663694
-367.7,0.071123071141715,0.0178535134531789,0.0431389570600393,0.115077195609913
-367.1,0.0713013718727182,0.0178485522339728,0.0433070928952652,0.115212280404922
-366.5,0.0714800851944363,0.0178434807455594,0.0434758229457888,0.115347579969062
-365.9,0.071659211889015,0.0178382988176334,0.0436451487113379,0.115483095231368
-365.3,0.0718387527392114,0.0178330062833167,0.0438150716884762,0.115618827129679
-364.7,0.0720187085283899,0.0178276029792167,0.043985593370491,0.115754776610742
-364.1,0.0721990800405174,0.017822088745485,0.0441567152472783,0.115890944630322
-363.5,0.072379868060159,0.0178164634258774,0.0443284388052267,0.116027332153311
-362.9,0.0725610733724738,0.0178107268678142,0.0445007655270993,0.116163940153838
-362.3,0.0727426967632097,0.0178048789224415,0.0446736968919145,0.116300769615386
-361.7,0.0729247390186997,0.0177989194446935,0.0448472343748241,0.116437821530903
-361.1,0.0731072009258568,0.0177928482933555,0.0450213794469902,0.116575096902917
-360.5,0.0732900832721694,0.0177866653311277,0.0451961335754606,0.116712596743658
-359.9,0.073473386845697,0.01778037042469,0.0453714982230413,0.116850322075173
-359.3,0.0736571124350653,0.0177739634447672,0.0455474748481686,0.116988273929448
-358.7,0.0738412608294613,0.0177674442661963,0.0457240649047779,0.117126453348532
-358.1,0.0740258328186291,0.0177608127679932,0.0459012698421713,0.117264861384658
-357.5,0.0742108291928646,0.0177540688334212,0.0460790911048838,0.117403499100373
-356.9,0.0743962507430113,0.0177472123500603,0.046257530132546,0.117542367568663
-356.3,0.0745820982604547,0.0177402432098773,0.0464365883597468,0.11768146787308
-355.7,0.0747683725371182,0.0177331613092972,0.0466162672158922,0.117820801107878
-355.1,0.0749550743654577,0.0177259665492748,0.0467965681250633,0.117960368378145
-354.5,0.0751422045384571,0.0177186588353681,0.0469774925058718,0.118100170799932
-353.9,0.0753297638496229,0.0177112380778125,0.0471590417713136,0.118240209500399
-353.3,0.0755177530929796,0.0177037041915954,0.0473412173286197,0.118380485617945
-352.7,0.0757061730630643,0.0176960570965328,0.0475240205791058,0.118521000302354
-352.1,0.0758950245549222,0.0176882967173462,0.0477074529180193,0.118661754714932
-351.5,0.0760843083641009,0.0176804229837406,0.0478915157343836,0.118802750028658
-350.9,0.0762740252866457,0.0176724358304843,0.0480762104108413,0.118943987428326
-350.3,0.0764641761190944,0.0176643351974885,0.0482615383234939,0.119085468110693
-349.7,0.0766547616584719,0.0176561210298893,0.0484475008417404,0.11922719328463
-349.1,0.0768457827022854,0.0176477932781301,0.0486340993281121,0.119369164171277
-348.5,0.0770372400485186,0.0176393518980449,0.0488213351381068,0.119511382004194
-347.9,0.0772291344956268,0.0176307968509436,0.049009209620019,0.119653848029519
-347.3,0.0774214668425317,0.0176221281036976,0.0491977241147687,0.119796563506127
-346.7,0.0776142378886156,0.0176133456288271,0.0493868799557274,0.119939529705793
-346.1,0.0778074484337165,0.0176044494045893,0.0495766784685411,0.12008274791335
-345.5,0.0780010992781223,0.0175954394150679,0.0497671209709523,0.120226219426861
-344.9,0.0781951912225655,0.0175863156502639,0.0499582087726171,0.120369945557782
-344.3,0.0783897250682181,0.0175770781061877,0.0501499431749224,0.120513927631134
-343.7,0.0785847016166852,0.0175677267849518,0.0503423254707979,0.120658166985676
-343.1,0.0787801216700004,0.017558261694866,0.0505353569445274,0.12080266497408
-342.5,0.0789759860306196,0.0175486828505325,0.0507290388715562,0.120947422963106
-341.9,0.0791722955014156,0.0175389902729437,0.0509233725182965,0.121092442333786
-341.3,0.0793690508856725,0.0175291839895799,0.0511183591419295,0.121237724481601
-340.7,0.0795662529870799,0.0175192640345095,0.0513139999902051,0.121383270816671
-340.1,0.0797639026097273,0.0175092304484897,0.0515102963012382,0.12152908276394
-339.5,0.0799620005580982,0.0174990832790697,0.0517072493033029,0.121675161763365
-338.9,0.0801605476370644,0.0174888225806937,0.0519048602146234,0.12182150927011
-338.3,0.0803595446518802,0.0174784484148069,0.0521031302431612,0.121968126754743
-337.7,0.0805589924081766,0.0174679608499616,0.0523020605864011,0.12211501570343
-337.1,0.080758891711955,0.0174573599619261,0.0525016524311319,0.122262177618139
-336.5,0.0809592433695821,0.0174466458337937,0.0527019069532264,0.122409614016842
-335.9,0.0811600481877829,0.0174358185560941,0.0529028253174158,0.122557326433722
-335.3,0.0813613069736355,0.0174248782269062,0.0531044086770634,0.122705316419382
-334.7,0.0815630205345649,0.0174138249519719,0.0533066581739332,0.122853585541058
-334.1,0.0817651896783366,0.0174026588448122,0.0535095749379561,0.123002135382833
-333.5,0.0819678152130508,0.0173913800268444,0.053713160086993,0.123150967545854
-332.9,0.0821708979471364,0.0173799886275007,0.0539174147265939,0.123300083648556
-332.3,0.0823744386893443,0.0173684847843492,0.0541223399497543,0.123449485326883
-331.7,0.0825784382487417,0.0173568686432156,0.0543279368366679,0.12359917423452
-331.1,0.0827828974347055,0.0173451403583074,0.0545342064544756,0.123749152043116
-330.5,0.0829878170569164,0.0173333000923388,0.0547411498570118,0.123899420442524
-329.9,0.0831931979253523,0.0173213480166585,0.0549487680845462,0.124049981141034
-329.3,0.0833990408502819,0.0173092843113782,0.0551570621635223,0.124200835865616
-328.7,0.0836053466422584,0.0172971091655031,0.0553660331062931,0.124351986362161
-328.1,0.0838121161121133,0.0172848227770648,0.055575681910852,0.124503434395728
-327.5,0.0840193500709496,0.0172724253532549,0.0557860095605606,0.124655181750794
-326.9,0.0842270493301354,0.0172599171105612,0.0559970170238724,0.12480723023151
-326.3,0.0844352147012974,0.0172472982749057,0.0562087052540532,0.124959581661953
-325.7,0.0846438469963145,0.017234569081784,0.0564210751888972,0.125112237886391
-325.1,0.0848529470273107,0.0172217297764067,0.0566341277504393,0.125265200769545
-324.5,0.0850625156066492,0.0172087806138433,0.0568478638446635,0.125418472196858
-323.9,0.085272553546925,0.017195721859167,0.0570622843612075,0.125572054074765
-323.3,0.0854830616609585,0.0171825537876024,0.0572773901730629,0.125725948330966
-322.7,0.0856940407617888,0.0171692766846744,0.0574931821362714,0.125880156914711
-322.1,0.0859054916626667,0.0171558908463598,0.0577096610896173,0.126034681797075
-321.5,0.0861174151770483,0.0171423965792403,0.0579268278543151,0.126189524971252
-320.9,0.0863298121185875,0.0171287942006578,0.0581446832336934,0.126344688452838
-320.3,0.0865426833011295,0.0171150840388718,0.0583632280128744,0.126500174280129
-319.7,0.0867560295387042,0.0171012664332191,0.0585824629584493,0.126655984514422
-319.1,0.0869698516455181,0.0170873417342747,0.0588023888181484,0.126812121240309
-318.5,0.0871841504359487,0.0170733103040161,0.0590230063205082,0.126968586565991
-317.9,0.0873989267245363,0.0170591725159888,0.0592443161745328,0.127125382623586
-317.3,0.0876141813259774,0.0170449287554743,0.0594663190693514,0.127282511569442
-316.7,0.0878299150551178,0.0170305794196606,0.0596890156738712,0.127439975584456
-316.1,0.0880461287269449,0.0170161249178141,0.0599124066364254,0.1275977768744
-315.5,0.0882628231565808,0.017001565671455,0.0601364925844168,0.127755917670243
-314.9,0.0884799991592751,0.0169869021145336,0.0603612741239567,0.127914400228489
-314.3,0.0886976575503976,0.01697213469361,0.0605867518394989,0.128073226831507
-313.7,0.0889157991454306,0.0169572638680353,0.0608129262934686,0.128232399787876
-313.1,0.0891344247599623,0.0169422901101362,0.0610397980258872,0.128391921432728
-312.5,0.0893535352096786,0.0169272139054004,0.0612673675539918,0.128551794128097
-311.9,0.0895731313103563,0.016912035752666,0.0614956353718491,0.128712020263272
-311.3,0.089793213877855,0.0168967561643124,0.0617246019499655,0.128872602255162
-310.7,0.0900137837281106,0.0168813756664537,0.0619542677348914,0.12903354254865
-310.1,0.0902348416771264,0.016865894799135,0.0621846331488203,0.129194843616968
-309.5,0.0904563885409668,0.0168503141165307,0.0624156985891835,0.129356507962068
-308.9,0.0906784251357486,0.0168346341871455,0.0626474644282383,0.129518538114999
-308.3,0.0909009522776341,0.0168188555940182,0.0628799310126527,0.129680936636288
-307.7,0.0911239707828233,0.0168029789349276,0.0631130986630832,0.129843706116333
-307.1,0.0913474814675456,0.0167870048226011,0.0633469676737482,0.130006849175787
-306.5,0.0915714851480527,0.0167709338849263,0.063581538311996,0.130170368465962
-305.9,0.0917959826406103,0.0167547667651645,0.0638168108178668,0.130334266669229
-305.3,0.0920209747614906,0.0167385041221677,0.0640527854036496,0.130498546499426
-304.7,0.0922464623269642,0.0167221466305973,0.064289462253434,0.130663210702268
-304.1,0.092472446153292,0.0167056949811464,0.0645268415226557,0.130828262055768
-303.5,0.0926989270567177,0.0166891498807642,0.0647649233376371,0.130993703370658
-302.9,0.0929259058534594,0.0166725120528833,0.0650037077951213,0.131159537490815
-302.3,0.0931533833597015,0.0166557822376497,0.0652431949618021,0.1313257672937
-301.7,0.0933813603915871,0.0166389611921559,0.0654833848738464,0.131492395690791
-301.1,0.0936098377652091,0.0166220496906761,0.0657242775364123,0.131659425628028
-300.5,0.0938388162966028,0.0166050485249047,0.0659658729231605,0.131826860086263
-299.8,0.0941065924128856,0.0165851015865615,0.066248622293366,0.132022715583075
-299.2,0.0943366595852452,0.0165679089485998,0.0664917400056962,0.132191036898605
-298.6,0.094567230499012,0.0165506292710615,0.0667355601453589,0.13235977241002
-298,0.0947983059698909,0.0165332634208534,0.0669800825493929,0.132528925248594
-297.4,0.0950298868134858,0.0165158122835791,0.0672253070207243,0.13269849858292
-296.8,0.0952619738452917,0.0164982767637947,0.0674712333276422,0.132868495619391
-296.2,0.0954945678806857,0.0164806577852682,0.0677178612032684,0.133038919602692
-295.6,0.0957276697349187,0.0164629562912404,0.0679651903450205,0.13320977381629
-295,0.095961280223107,0.01644517324469,0.0682132204140704,0.133381061582938
-294.4,0.0961954001602235,0.0164273096286007,0.068461951034795,0.133552786265175
-293.8,0.0964300303610892,0.016409366446232,0.0687113817942219,0.133724951265839
-293.2,0.0966651716403647,0.0163913447213924,0.0689615122414698,0.133897560028585
-292.6,0.0969008248125409,0.0163732454987154,0.0692123418871806,0.134070616038404
-292,0.0971369906919312,0.0163550698439389,0.0694638702029481,0.13424412282215
-291.4,0.0973736700926618,0.0163368188441875,0.0697160966207384,0.134418083949076
-290.8,0.0976108638286634,0.0163184936082569,0.0699690205323056,0.134592503031372
-290.2,0.0978485727136624,0.0163000952669023,0.0702226412886013,0.134767383724705
-289.6,0.0980867975611716,0.0162816249731294,0.0704769581991773,0.134942729728775
-289,0.0983255391844814,0.0162630839024875,0.0707319705315831,0.135118544787865
-288.4,0.0985647983966513,0.0162444732533668,0.0709876775107571,0.135294832691406
-287.8,0.0988045760105001,0.0162257942472976,0.0712440783184116,0.135471597274542
-287.2,0.0990448728385973,0.0162070481292529,0.0715011720924123,0.135648842418699
-286.6,0.0992856896932539,0.0161882361679533,0.0717589579261512,0.135826572052167
-286,0.0995270273865134,0.0161693596561755,0.0720174348679146,0.136004790150681
-285.4,0.0997688867301422,0.0161504199110632,0.0722766019202438,0.136183500738009
-284.8,0.100011268535621,0.0161314182744404,0.0725364580392914,0.136362707886545
-284.2,0.100254173614135,0.0161123561131282,0.0727970021341714,0.136542415717908
-283.6,0.100497602776564,0.0160932348192643,0.0730582330663028,0.136722628403549
-283,0.100741556833476,0.0160740558106242,0.0733201496487484,0.136903350165355
-282.4,0.100986036595112,0.0160548205309463,0.0735827506455481,0.137084585276269
-281.8,0.101231042871385,0.0160355304502593,0.073846034771046,0.137266338060906
-281.2,0.101476576471861,0.0160161870652114,0.0741100006892125,0.137448612896176
-280.6,0.101722638205757,0.0159967918994035,0.0743746470129609,0.13763141421192
-280,0.101969228881929,0.0159773465037232,0.074639972303459,0.137814746491534
-279.4,0.102216349308859,0.0159578524566831,0.0749059750694352,0.137998614272619
-278.8,0.102464000294651,0.0159383113647596,0.0751726537664797,0.138183022147613
-278.2,0.102712182647019,0.0159187248627358,0.0754400067963406,0.138367974764448
-277.6,0.102960897173276,0.0158990946140452,0.0757080325062156,0.138553476827198
-277,0.103210144680325,0.0158794223111188,0.0759767291880385,0.138739533096733
-276.4,0.103459925974649,0.0158597096757333,0.0762460950777616,0.138926148391384
-275.8,0.103710241862304,0.0158399584593623,0.0765161283546331,0.139113327587605
-275.2,0.103961093148904,0.0158201704435288,0.0767868271404712,0.13930107562064
-274.6,0.104212480639615,0.0158003474401599,0.077058189498933,0.139489397485195
-274,0.104464405139144,0.0157804912919431,0.0773302134347804,0.139678298236116
-273.4,0.104716867451729,0.0157606038726847,0.0776028968931418,0.139867782989062
-272.8,0.104969868381128,0.0157406870876692,0.0778762377587708,0.140057856921189
-272.2,0.105223408730609,0.015720742874021,0.0781502338553005,0.140248525271834
-271.6,0.105477489302943,0.0157007732010665,0.0784248829444963,0.1404397933432
-271,0.105732110900389,0.0156807800706983,0.0787001827255042,0.140631666501047
-270.4,0.105987274324687,0.0156607655177404,0.078976130834098,0.140824150175382
-269.8,0.106242980377047,0.0156407316103137,0.0792527248419229,0.141017249861149
-269.2,0.106499229858139,0.0156206804502034,0.0795299622557379,0.141210971118928
-268.6,0.10675602356808,0.0156006141732265,0.0798078405166555,0.141405319575627
-268,0.107013362306428,0.0155805349496,0.0800863569993813,0.141600300925182
-267.4,0.107271246872169,0.0155604449843096,0.0803655090114505,0.14179592092925
-266.8,0.107529678063707,0.0155403465174784,0.0806452937924655,0.141992185417909
-266.2,0.107788656678854,0.0155202418247362,0.0809257085133312,0.142189100290357
-265.6,0.108048183514816,0.0155001332175882,0.0812067502754913,0.142386671515607
-265,0.10830825936819,0.0154800230437837,0.0814884161101645,0.142584905133185
-264.4,0.108568885034943,0.015459913687684,0.0817707029775808,0.142783807253822
-263.8,0.108830061310413,0.0154398075706303,0.0820536077662192,0.142983384060156
-263.2,0.109091788989287,0.0154197071513096,0.0823371272920469,0.143183641807414
-262.6,0.109354068865598,0.0153996149261209,0.0826212582977598,0.14338458682411
-262,0.109616901732713,0.0153795334295386,0.0829059974520258,0.143586225512728
-261.4,0.109880288383318,0.0153594652344753,0.0831913413487301,0.143788564350405
-260.8,0.110144229609411,0.0153394129526425,0.0834772865062248,0.143991609889615
-260.2,0.110408726202291,0.0153193792349092,0.0837638293665813,0.14419536875884
-259.6,0.110673778952546,0.0152993667716577,0.084050966294847,0.144399847663243
-259,0.110939388650039,0.0152793782931379,0.0843386935783073,0.144605053385336
-258.4,0.111205556083905,0.0152594165698174,0.0846270074257528,0.144810992785635
-257.8,0.11147228204253,0.0152394844127289,0.0849159039667518,0.145017672803316
-257.2,0.111739567313549,0.0152195846738146,0.0852053792509301,0.14522510045686
-256.6,0.112007412683828,0.0151997202462659,0.085495429247258,0.145433282844695
-256,0.112275818939455,0.0151798940648593,0.085786049843344,0.145642227145819
-255.4,0.112544786865732,0.0151601091062879,0.0860772368447382,0.145851940620428
-254.8,0.112814317247157,0.0151403683894879,0.0863689859742446,0.146062430610525
-254.2,0.11308441086742,0.01512067497596,0.0866612928712422,0.146273704540519
-253.6,0.113355068509385,0.0151010319700848,0.0869541530910184,0.146485769917818
-253,0.113626290955085,0.015081442519433,0.0872475621041123,0.146698634333404
-252.4,0.113898078985703,0.0150619098150683,0.0875415152956707,0.146912305462401
-251.8,0.114170433381569,0.0150424370918442,0.0878360079648172,0.147126791064625
-251.2,0.114443354922141,0.0150230276286936,0.0881310353240345,0.147342098985123
-250.6,0.114716844385999,0.0150036847489101,0.0884265924985618,0.147558237154693
-250,0.114990902550827,0.0149844118204221,0.0887226745258071,0.147775213590393
-249.4,0.115265530193411,0.0149652122560577,0.0890192763547767,0.147993036396028
-248.8,0.115540728089615,0.014946089513801,0.0893163928455207,0.148211713762626
-248.2,0.115816497014381,0.0149270470970388,0.0896140187685978,0.148431253968884
-247.6,0.116092837741709,0.0149080885547976,0.0899121488045585,0.148651665381608
-247,0.116369751044649,0.0148892174819693,0.0902107775434491,0.148872956456124
-246.4,0.116647237695289,0.0148704375195273,0.0905098994843359,0.149095135736663
-245.8,0.116925298464741,0.0148517523547299,0.0908095090348527,0.149318211856739
-245.2,0.117203934123131,0.0148331657213122,0.0911096005107705,0.149542193539485
-244.6,0.117483145439586,0.0148146813996656,0.0914101681355917,0.149767089597977
-244,0.117762933182221,0.0147963032170038,0.0917112060401704,0.149992908935526
-243.4,0.118043298118132,0.014778035047515,0.092012708262358,0.150219660545946
-242.8,0.118324241013376,0.0147598808125009,0.0923146687466776,0.150447353513789
-242.2,0.118605762632964,0.014741844480499,0.0926170813440262,0.150675997014558
-241.6,0.118887863740849,0.0147239300673912,0.0929199398114074,0.150905600314884
-241,0.119170545099912,0.0147061416364956,0.0932232378116952,0.151136172772672
-240.4,0.119453807471948,0.014688483298641,0.0935269689134297,0.151367723837215
-239.8,0.119737651617659,0.0146709592122255,0.0938311265906476,0.151600263049275
-239.2,0.120022078296635,0.014653573583256,0.0941357042227457,0.151833800041126
-238.6,0.120307088267348,0.0146363306653694,0.0944406950943823,0.152068344536561
-238,0.120592682287135,0.0146192347598347,0.0947460923954148,0.152303906350863
-237.4,0.120878861112187,0.0146022902155353,0.0950518892208764,0.152540495390736
-236.8,0.121165625497536,0.0145855014289307,0.0953580785709931,0.152778121654193
-236.2,0.121452976197045,0.0145688728439962,0.0956646533512414,0.153016795230402
-235.6,0.121740913963392,0.0145524089521421,0.0959716063724487,0.153256526299498
-235,0.122029439548057,0.0145361142921094,0.0962789303509382,0.153497325132334
-234.4,0.122318553701313,0.0145199934498419,0.096586617908719,0.153739202090204
-233.8,0.12260825717221,0.0145040510583357,0.0968946615737216,0.153982167624502
-233.2,0.122898550708565,0.0144882917974625,0.0972030537800835,0.154226232276346
-232.6,0.123189435056947,0.0144727203937688,0.0975117868684821,0.154471406676147
-232,0.123480910962662,0.0144573416202483,0.0978208530865198,0.154717701543122
-231.4,0.123772979169747,0.0144421602960882,0.0981302445891604,0.154965127684762
-230.8,0.12406564042095,0.0144271812863879,0.0984399534392185,0.155213695996243
-230.2,0.124358895457721,0.0144124095018494,0.0987499716079049,0.155463417459779
-229.6,0.124652745020197,0.0143978498984394,0.0990602909754264,0.155714303143924
-229,0.12494718984719,0.0143835074770218,0.0993709033316441,0.155966364202812
-228.4,0.125242230676176,0.0143693872829603,0.0996818003767897,0.156219611875337
-227.8,0.125537868243275,0.0143554944056906,0.0999929737222423,0.156474057484279
-227.2,0.125834103283247,0.0143418339782603,0.100304414891365,0.156729712435359
-226.6,0.126130936529471,0.0143284111768379,0.100616115320407,0.156986588216238
-226,0.126428368713937,0.0143152312201892,0.100928066359462,0.15724469639545
-225.4,0.126726400567228,0.0143022993691198,0.101240259273505,0.157504048621268
-224.8,0.127025032818511,0.0142896209258847,0.101552685243475,0.157764656620507
-224.2,0.127324266195522,0.0142772012335631,0.101865335367448,0.158026532197256
-223.6,0.127624101424553,0.0142650456753989,0.102178200661855,0.158289687231543
-223,0.127924539230435,0.0142531596741054,0.102491272062788,0.158554133677931
-222.4,0.128225580336531,0.0142415486911345,0.102804540427365,0.158819883564042
-221.8,0.128527225464718,0.0142302182259098,0.103117996535168,0.15908694898901
-221.2,0.128829475335372,0.0142191738150222,0.103431631089755,0.159355342121863
-220.6,0.12913233066736,0.0142084210313899,0.103745434720243,0.159625075199829
-220,0.129435792178021,0.0141979654833792,0.104059397982964,0.159896160526573
-219.4,0.129739860583156,0.014187812813889,0.104373511363196,0.160168610470353
-218.8,0.130044536597011,0.014177968699396,0.104687765276969,0.160442437462107
-218.2,0.130349820932267,0.0141684388489628,0.105002150072941,0.16071765399346
-217.6,0.130655714300023,0.014159229003206,0.105316656034359,0.160994272614657
-217,0.130962217409781,0.014150344933227,0.105631273381089,0.161272305932419
-216.4,0.13126933096944,0.0141417924395024,0.105945992271719,0.161551766607725
-215.8,0.131577055685271,0.0141335773507371,0.106260802805749,0.161832667353509
-215.2,0.131885392261912,0.014125705522677,0.10657569502585,0.162115020932292
-214.6,0.132194341402349,0.0141181828368831,0.106890658920198,0.162398840153726
-214,0.132503903807904,0.0141110151994674,0.107205684424888,0.162684137872068
-213.4,0.13281408017822,0.0141042085397888,0.107520761426426,0.162970926983575
-212.8,0.133124871211248,0.014097768809111,0.10783587976429,0.163259220423822
-212.2,0.133436277603232,0.0140917019792221,0.108151029233574,0.163549031164946
-211.6,0.133748300048696,0.0140860140410161,0.108466199587699,0.163840372212813
-211,0.134060939240427,0.0140807110030356,0.108781380541204,0.164133256604114
-210.4,0.134374195869464,0.014075798889979,0.10909656177261,0.164427697403378
-209.8,0.134688070625081,0.0140712837411691,0.109411732927349,0.164723707699926
-209.2,0.135002564194776,0.0140671716089861,0.109726883620776,0.165021300604741
-208.6,0.135317677264252,0.0140634685572651,0.110042003441243,0.165320489247272
-208,0.135633410517408,0.0140601806596583,0.11035708195324,0.165621286772174
-207.4,0.135949764636321,0.0140573139979625,0.110672108700613,0.165923706335966
-206.8,0.13626674030123,0.0140548746604138,0.110987073209836,0.166227761103641
-206.2,0.136584338190528,0.0140528687399494,0.111301964993358,0.166533464245194
-205.6,0.136902558980738,0.0140513023324376,0.111616773553005,0.166840828932102
-205,0.13722140334651,0.0140501815348776,0.11193148838344,0.167149868333731
-204.4,0.137540871960595,0.014049512443569,0.112246098975693,0.167460595613696
-203.8,0.137860965493837,0.0140493011522541,0.112560594820731,0.167773023926153
-203.2,0.138181684615158,0.0140495537502321,0.112874965413097,0.168087166412047
-202.6,0.138503029991542,0.0140502763204476,0.113189200254585,0.168403036195304
-202,0.138825002288018,0.0140514749375556,0.113503288857973,0.168720646378975
-201.4,0.13914760216765,0.0140531556659621,0.113817220750799,0.169040010041332
-200.8,0.139470830291518,0.0140553245578448,0.114130985479177,0.169361140231929
-200.2,0.139794687318707,0.0140579876511523,0.114444572611656,0.169684049967613
-199.5,0.140173316257504,0.0140617272416188,0.114810185924847,0.170063044454456
-198.9,0.140498538159971,0.014065481737959,0.115123352611429,0.17038985434556
-198.3,0.140824391039513,0.0140697494389951,0.115436308861604,0.170718484740124
-197.7,0.141150875546731,0.014074536301489,0.115749044379646,0.171048948475093
-197.1,0.141477992330154,0.0140798482573893,0.116061548912683,0.171381258333618
-196.5,0.141805742036219,0.0140856912117475,0.116373812254723,0.171715427040899
-195.9,0.14213412530926,0.0140920710406273,0.116685824250694,0.172051467260027
-195.3,0.142463142791491,0.0140989935890097,0.116997574800482,0.172389391587796
-194.7,0.142792795122993,0.0141064646686952,0.117309053862989,0.172729212550529
-194.1,0.143123082941693,0.0141144900562055,0.11762025146018,0.173070942599889
-193.5,0.143454006883356,0.0141230754906869,0.117931157681137,0.173414594108698
-192.9,0.143785567581566,0.0141322266718182,0.118241762686098,0.173760179366763
-192.3,0.144117765667712,0.0141419492577242,0.118552056710488,0.174107710576709
-191.7,0.144450601770969,0.0141522488628978,0.118862030068933,0.174457199849835
-191.1,0.144784076518288,0.0141631310561333,0.119171673159253,0.174808659201984
-190.5,0.14511819053438,0.0141746013584718,0.11948097646643,0.175162100549441
-189.9,0.145452944441694,0.0141866652411634,0.119789930566546,0.175517535704859
-189.3,0.145788338860411,0.0141993281236455,0.120098526130688,0.175874976373218
-188.7,0.146124374408421,0.0142125953715427,0.120406753928812,0.176234434147827
-188.1,0.146461051701313,0.014226472294688,0.120714604833564,0.176595920506361
-187.5,0.146798371352354,0.0142409641451692,0.121022069824056,0.176959446806955
-186.9,0.147136333972479,0.0142560761154021,0.121329139989584,0.177325024284343
-186.3,0.14747494017027,0.0142718133362332,0.121635806533294,0.177692664046054
-185.7,0.147814190551947,0.0142881808750737,0.121942060775787,0.178062377068676
-185.1,0.148154085721345,0.0143051837340677,0.122247894158649,0.178434174194175
-184.5,0.148494626279903,0.014322826848296,0.122553298247926,0.178808066126291
-183.9,0.148835812826647,0.0143411150840182,0.122858264737511,0.179184063427009
-183.3,0.149177645958176,0.0143600532369555,0.12316278545246,0.179562176513099
-182.7,0.149520126268643,0.0143796460306152,0.123466852352221,0.179942415652751
-182.1,0.14986325434974,0.0143998981146601,0.123770457533782,0.180324790962283
-181.5,0.150207030790685,0.0144208140633239,0.124073593234725,0.18070931240295
-180.9,0.150551456178203,0.0144423983738756,0.124376251836182,0.181095989777843
-180.3,0.150896531096512,0.0144646554651325,0.124678425865705,0.181484832728878
-179.7,0.151242256127307,0.0144875896760271,0.124980108000018,0.1818758507339
-179.1,0.151588631849741,0.0145112052642252,0.125281291067684,0.182269053103879
-178.5,0.151935658840414,0.0145355064048014,0.125581968051648,0.182664448980219
-177.9,0.152283337673353,0.0145604971889693,0.125882132091676,0.183062047332173
-177.3,0.15263166892,0.0145861816228709,0.126181776486686,0.183461856954377
-176.7,0.15298065314919,0.0146125636264249,0.126480894696952,0.183863886464497
-176.1,0.153330290927141,0.0146396470322361,0.126779480346199,0.184268144300987
-175.5,0.153680582817434,0.0146674355845656,0.127077527223572,0.184674638720981
-174.9,0.154031529381,0.0146959329383649,0.127375029285484,0.185083377798294
-174.3,0.1543831311761,0.0147251426583731,0.127671980657344,0.185494369421555
-173.7,0.154735388758313,0.0147550682182783,0.12796837563515,0.185907621292466
-173.1,0.155088302680516,0.0147857129999455,0.128264208686961,0.18632314092418
-172.5,0.155441873492871,0.014817080292709,0.128559474454239,0.186740935639817
-171.9,0.155796101742806,0.0148491732927318,0.128854167753062,0.187161012571107
-171.3,0.156150987975002,0.0148819951024322,0.129148283575203,0.187583378657156
-170.7,0.156506532731373,0.0149155487299768,0.129441817089082,0.188008040643356
-170.1,0.156862736551052,0.0149498370888408,0.129734763640587,0.188435005080411
-169.5,0.157219599970376,0.0149848629974363,0.130027118753756,0.188864278323507
-168.9,0.157577123522865,0.0150206291788067,0.130318878131341,0.189295866531606
-168.3,0.15793530773921,0.0150571382603896,0.130610037655226,0.189729775666873
-167.7,0.158294153147255,0.0150943927738454,0.130900593386724,0.190166011494233
-167.1,0.158653660271982,0.0151323951549527,0.131190541566744,0.190604579581058
-166.5,0.15901382963549,0.0151711477435705,0.131479878615823,0.191045485296984
-165.9,0.159374661756985,0.0152106527836644,0.131768601134033,0.191488733813853
-165.3,0.159736157152758,0.0152509124233988,0.132056705900766,0.191934330105783
-164.7,0.160098316336173,0.0152919287152927,0.132344189874387,0.192382278949362
-164.1,0.160461139817648,0.0153337036164385,0.132631050191766,0.192832584923969
-163.5,0.160824628104636,0.015376238988783,0.13291728416769,0.193285252412209
-162.9,0.161188781701614,0.0154195365994699,0.133202889294154,0.193740285600475
-162.3,0.161553601110064,0.0154635981212419,0.133487863239536,0.19419768847962
-161.7,0.161919086828455,0.0155084251329018,0.133772203847654,0.194657464845754
-161.1,0.162285239352226,0.0155540191198311,0.134055909136713,0.195119618301138
-160.5,0.162652059173773,0.0156003814745651,0.134338977298144,0.195584152255206
-159.9,0.163019546782431,0.0156475134974221,0.134621406695332,0.196051069925676
-159.3,0.163387702664453,0.0156954163971862,0.134903195862239,0.196520374339779
-158.7,0.163756527302999,0.0157440912918422,0.135184343501933,0.196992068335581
-158.1,0.164126021178119,0.0157935392093598,0.135464848485013,0.197466154563407
-157.5,0.164496184766731,0.015843761088527,0.135744709847938,0.197942635487354
-156.9,0.164867018542609,0.0158947577798301,0.136023926791271,0.198421513386906
-156.3,0.165238522976365,0.0159465300463779,0.13630249867783,0.198902790358621
-155.7,0.165610698535433,0.0159990785648705,0.136580425030753,0.199386468317921
-155.1,0.16598354568405,0.0160524039266083,0.13685770553149,0.199872549000946
-154.5,0.166357064883242,0.0161065066385416,0.137134340017708,0.200361033966496
-153.9,0.166731256590804,0.0161613871243566,0.137410328481129,0.200851924598043
-153.3,0.167106121261286,0.0162170457255988,0.137685671065295,0.201345222105814
-152.7,0.167481659345976,0.0162734827028289,0.137960368063266,0.201840927528938
-152.1,0.167857871292881,0.0163306982368118,0.138234419915259,0.202339041737659
-151.5,0.168234757546711,0.0163886924297348,0.138507827206224,0.202839565435603
-150.9,0.168612318548864,0.0164474653064546,0.138780590663368,0.203342499162109
-150.3,0.168990554737407,0.0165070168157703,0.139052711153625,0.203847843294599
-149.7,0.169369466547059,0.0165673468317208,0.139324189681082,0.204355598051004
-149.1,0.169749054409175,0.0166284551549046,0.139595027384355,0.204865763492235
-148.5,0.17012931875173,0.0166903415138204,0.139865225533933,0.205378339524687
-147.9,0.170510259999301,0.0167530055662256,0.140134785529479,0.205893325902787
-147.3,0.170891878573048,0.0168164469005131,0.140403708897098,0.20641072223157
-146.7,0.1712741748907,0.0168806650371012,0.140671997286582,0.206930527969285
-146.1,0.171657149366538,0.0169456594298387,0.140939652468622,0.207452742430031
-145.5,0.172040802411376,0.0170114294674197,0.141206676332002,0.207977364786411
-144.9,0.172425134432546,0.0170779744748094,0.141473070880772,0.208504394072207
-144.3,0.17281014583388,0.0171452937146769,0.141738838231406,0.209033829185067
-143.7,0.17319583701569,0.0172133863888351,0.142003980609947,0.209565668889213
-143.1,0.17358220837476,0.0172822516396848,0.142268500349143,0.210099911818149
-142.5,0.173969260304317,0.0173518885516621,0.142532399885582,0.21063655647738
-141.9,0.174356993194024,0.0174222961526871,0.142795681756811,0.211175601247135
-141.3,0.174745407429958,0.0174934734156132,0.143058348598471,0.211717044385086
-140.7,0.175134503394593,0.0175654192596743,0.143320403141422,0.212260884029068
-140.1,0.175524281466784,0.0176381325519296,0.143581848208882,0.212807118199793
-139.5,0.175914742021751,0.0177116121087043,0.143842686713566,0.213355744803555
-138.9,0.17630588543106,0.0177858566970243,0.144102921654846,0.213906761634926
-138.3,0.176697712062606,0.0178608650360445,0.144362556115915,0.214460166379435
-137.7,0.177090222280598,0.0179366357984694,0.144621593260968,0.215015956616238
-137.1,0.177483416445539,0.0180131676119637,0.144880036332411,0.215574129820763
-136.5,0.177877294914212,0.0180904590605534,0.145137888648074,0.216134683367343
-135.9,0.178271858039661,0.0181685086860154,0.145395153598459,0.216697614531821
-135.3,0.178667106171172,0.0182473149892543,0.145651834644005,0.217262920494132
-134.7,0.179063039654262,0.0183268764316667,0.145907935312383,0.217830598340864
-134.1,0.179459658830655,0.0184071914364905,0.146163459195816,0.218400645067781
-133.5,0.179856964038269,0.0184882583901397,0.146418409948432,0.218973057582333
-132.9,0.180254955611199,0.0185700756435229,0.146672791283643,0.219547832706118
-132.3,0.180653633879697,0.0186526415133456,0.146926606971559,0.220124967177321
-131.7,0.181052999170157,0.0187359542833948,0.14717986083644,0.220704457653124
-131.1,0.1814530518051,0.0188200122058053,0.147432556754176,0.221286300712067
-130.5,0.18185379210315,0.0189048135023084,0.147684698649807,0.221870492856384
-129.9,0.182255220379026,0.0189903563654605,0.147936290495083,0.222457030514303
-129.3,0.182657336943518,0.019076638959852,0.148187336306057,0.223045910042295
-128.7,0.183060142103471,0.0191636594232965,0.148437840140722,0.2236371277273
-128.1,0.183463636161772,0.0192514158679989,0.148687806096687,0.224230679788903
-127.5,0.183867819417328,0.0193399063817029,0.148937238308893,0.224826562381468
-126.9,0.184272692165051,0.0194291290288169,0.149186140947371,0.225424771596241
-126.3,0.184678254695843,0.0195190818515178,0.149434518215047,0.226025303463399
-125.7,0.185084507296573,0.0196097628708338,0.149682374345581,0.226628153954062
-125.1,0.185491450250068,0.0197011700877041,0.149929713601259,0.227233318982266
-124.5,0.185899083835087,0.0197933014840166,0.15017654027092,0.227840794406884
-123.9,0.186307408326314,0.0198861550236233,0.150422858667935,0.22845057603351
-123.3,0.186716423994329,0.0199797286533325,0.150668673128225,0.229062659616294
-122.7,0.187126131105604,0.0200740203038785,0.150913988008325,0.229677040859742
-122.1,0.187536529922475,0.0201690278908687,0.151158807683494,0.230293715420458
-121.5,0.18794762070313,0.0202647493157073,0.151403136545867,0.230912678908856
-120.9,0.188359403701592,0.0203611824664966,0.151646979002655,0.231533926890816
-120.3,0.188771879167702,0.0204583252189152,0.151890339474388,0.232157454889306
-119.7,0.189185047347101,0.0205561754370736,0.152133222393199,0.23278325838595
-119.1,0.189598908481211,0.0206547309743471,0.152375632201163,0.233411332822562
-118.5,0.190013462807222,0.0207539896741855,0.152617573348665,0.234041673602627
-117.9,0.190428710558075,0.0208539493709012,0.152859050292827,0.234674276092748
-117.3,0.19084465196244,0.0209546078904345,0.153100067495969,0.23530913562404
-116.7,0.191261287244704,0.0210559630510964,0.153340629424117,0.235946247493488
-116.1,0.191678616624953,0.02115801266429,0.153580740545553,0.236585606965263
-115.5,0.192096640318952,0.0212607545352098,0.153820405329408,0.237227209271988
-114.9,0.192515358538134,0.021364186463519,0.154059628244299,0.237871049615975
-114.3,0.192934771489576,0.0214683062440064,0.154298413757004,0.238517123170407
-113.7,0.193354879375987,0.0215731116672212,0.154536766331183,0.239165425080491
-113.1,0.193775682395691,0.0216786005200876,0.154774690426136,0.239815950464565
-112.5,0.194197180742607,0.0217847705864984,0.155012190495601,0.240468694415163
-111.9,0.194619374606235,0.0218916196478883,0.155249270986598,0.241123652000048
-111.3,0.195042264171638,0.0219991454837878,0.155485936338301,0.241780818263204
-110.7,0.195465849619426,0.0221073458723564,0.155722190980964,0.242440188225785
-110.1,0.195890131125736,0.0222162185908972,0.155958039334867,0.243101756887031
-109.5,0.196315108862221,0.022325761416352,0.156193485809314,0.243765519225151
-108.9,0.196740782996027,0.0224359721257778,0.156428534801662,0.244431470198165
-108.3,0.197167153689782,0.0225468484968046,0.156663190696384,0.245099604744707
-107.7,0.197594221101573,0.0226583883080759,0.156897457864172,0.245769917784805
-107.1,0.198021985384936,0.0227705893396699,0.157131340661072,0.246442404220617
-106.5,0.198450446688833,0.0228834493735051,0.157364843427651,0.247117058937136
-105.9,0.198879605157641,0.0229969661937276,0.157597970488206,0.247793876802865
-105.3,0.19930946093113,0.0231111375870819,0.157830726149993,0.24847285267046
-104.7,0.199740014144451,0.0232259613432659,0.158063114702502,0.249153981377337
-104.1,0.200171264928117,0.023341435255269,0.158295140416748,0.249837257746252
-103.5,0.200603213407984,0.0234575571196953,0.158526807544609,0.250522676585856
-102.9,0.201035859705242,0.0235743247370711,0.158758120318182,0.251210232691207
-102.3,0.201469203936389,0.0236917359121375,0.15898908294917,0.251899920844274
-101.7,0.201903246213221,0.0238097884541284,0.159219699628304,0.25259173581439
-101.1,0.202337986642813,0.0239284801770345,0.159449974524789,0.253285672358698
-100.5,0.202773425327504,0.0240478088998529,0.159679911785772,0.253981725222561
-99.85,0.203245938643802,0.0241777979962569,0.159928634256112,0.254738164591665
-99.25,0.203682832334506,0.0242984468204527,0.160157881330472,0.255438609528336
-98.65,0.204120424565857,0.0244197259537666,0.160386803412339,0.256141154512576
-98.05,0.204558715420678,0.0245416332379531,0.160615404553885,0.256845794245387
-97.45,0.204997704976976,0.0246641665208408,0.160843688782943,0.257552523417697
-96.85,0.205437393307916,0.0247873236565057,0.161071660102633,0.258261336710632
-96.25,0.205877780481814,0.024911102505432,0.161299322491013,0.258972228795759
-95.65,0.206318866562116,0.0250355009346626,0.161526679900739,0.259685194335309
-95.05,0.206760651607381,0.0251605168179381,0.161753736258765,0.260400227982383
-94.44,0.20721051632819,0.0252882470906675,0.161984272290743,0.261129293433328
-93.84,0.207653711110944,0.0254145017331898,0.162210733366709,0.26184848146341
-93.24,0.208097605005553,0.025541367457371,0.162436905078707,0.262569721417648
-92.64,0.208542198050789,0.0256688421650487,0.162662791247716,0.263293007914131
-92.04,0.208987490280461,0.0257969237653044,0.162888395667759,0.264018335562557
-91.44,0.20943348172339,0.0259256101745434,0.163113722105698,0.264745698964324
-90.84,0.209880172403402,0.0260548993165667,0.163338774301064,0.265475092712616
-90.24,0.210327562339308,0.0261847891226348,0.163563555965894,0.26620651139246
-89.64,0.210775651544887,0.0263152775315222,0.163788070784584,0.266939949580776
-89.04,0.211224440028872,0.0264463624895654,0.164012322413761,0.267675401846419
-88.44,0.211673927794935,0.0265780419507021,0.164236314482173,0.268412862750187
-87.84,0.212124114841668,0.0267103138765037,0.164460050590583,0.269152326844841
-87.24,0.212575001162569,0.0268431762362006,0.164683534311686,0.269893788675092
-86.64,0.213026586746027,0.0269766270067005,0.164906769190038,0.270637242777585
-86.04,0.213478871575306,0.0271106641726002,0.165129758741994,0.271382683680873
-85.44,0.213931855628527,0.0272452857261913,0.165352506455665,0.272130105905372
-84.83,0.214393106189732,0.0273827479892404,0.165578722279787,0.272892010639355
-84.23,0.214847500257002,0.0275185419822773,0.165800992781202,0.273643411827066
-83.63,0.215302593450909,0.0276549143529984,0.166023031795379,0.274396777756054
-83.03,0.215758385728766,0.027791863124536,0.166244842696741,0.275152102913442
-82.43,0.216214877042668,0.0279293863276564,0.166466428831407,0.275909381777858
-81.83,0.216672067339474,0.0280674820007316,0.166687793517208,0.276668608819343
-81.23,0.217129956560794,0.0282061481897068,0.166908940043718,0.277429778499237
-80.63,0.217588544642972,0.0283453829480624,0.167129871672294,0.27819288527007
-80.03,0.218047831517069,0.0284851843367724,0.167350591636121,0.278957923575433
-79.43,0.218507817108853,0.028625550424258,0.167571103140269,0.279724887849858
-78.83,0.21896850133878,0.0287664792863374,0.167791409361755,0.280493772518674
-78.23,0.219429884121976,0.0289079690061717,0.168011513449618,0.281264571997868
-77.63,0.21989196536823,0.0290500176742071,0.168231418524995,0.282037280693936
-77.03,0.22035474498197,0.0291926233881129,0.168451127681209,0.282811893003732
-76.43,0.220818222862256,0.0293357842527177,0.168670643983861,0.283588403314304
-75.83,0.221282398902757,0.0294794983799406,0.168889970470929,0.284366806002734
-75.23,0.221747272991744,0.0296237638887203,0.169109110152876,0.285147095435967
-74.62,0.22222061045808,0.0297709971334502,0.169331713736578,0.285942318051141
-74.02,0.222686891916239,0.0299163689014215,0.16955048574061,0.286726395242901
-73.42,0.223153871052951,0.0300622864181796,0.169769079855527,0.287512342123231
-72.82,0.223621547734639,0.0302087478300861,0.169987498982442,0.288300153016578
-72.22,0.224089921822248,0.0303557512901244,0.170205745995566,0.289089822236347
-71.62,0.224558993171233,0.030503294957813,0.17042382374234,0.289881344084709
-71.02,0.225028761631545,0.0306513769991174,0.170641735043583,0.290674712852407
-70.42,0.225499227047613,0.0307999955863592,0.170859482693628,0.291469922818562
-69.82,0.225970389258334,0.0309491488981234,0.171077069460481,0.292266968250473
-69.22,0.226442248097055,0.0310988351191645,0.171294498085966,0.293065843403418
-68.62,0.226914803391559,0.0312490524403104,0.171511771285886,0.293866542520451
-68.02,0.227388054964053,0.031399799058365,0.17172889175018,0.294669059832201
-67.42,0.227862002631151,0.0315510731760094,0.171945862143086,0.295473389556664
-66.82,0.228336646203862,0.0317028730017016,0.172162685103305,0.296279525898997
-66.22,0.228811985487576,0.0318551967495751,0.172379363244173,0.297087463051314
-65.62,0.229288020282046,0.0320080426393364,0.172595899153826,0.297897195192477
-65.02,0.229764750381378,0.032161408896161,0.172812295395375,0.298708716487885
-64.41,0.230250138548318,0.0323178628817825,0.173032157678166,0.299535591241156
-63.81,0.230728270196428,0.0324722731685867,0.173248279951171,0.300350702860686
-63.21,0.231207096493927,0.0326271985004717,0.173464270138294,0.301167585949751
-62.61,0.231686617212095,0.0327826371235185,0.173680130703909,0.301986234617577
-62.01,0.232166832116494,0.0329385872887445,0.17389586408826,0.302806642958885
-61.41,0.232647740966953,0.0330950472519947,0.174111472707647,0.303628805053677
-60.81,0.233129343517558,0.0332520152738335,0.174326958954603,0.304452714967028
-60.21,0.233611639516637,0.0334094896194348,0.174542325198087,0.305278366748885
-59.61,0.234094628706743,0.0335674685584729,0.174757573783667,0.306105754433853
-59.01,0.234578310824647,0.0337259503650122,0.174972707033706,0.306934872040997
-58.41,0.23506268560132,0.0338849333173971,0.175187727247555,0.307765713573631
-57.81,0.23554775276192,0.0340444156981415,0.175402636701736,0.30859827301912
-57.21,0.236033512025783,0.0342043957938185,0.175617437650135,0.309432544348674
-56.61,0.236519963106402,0.0343648718949491,0.17583213232419,0.310268521517154
-56.01,0.237007105711423,0.0345258422958923,0.176046722933083,0.311106198462863
-55.41,0.237494939542626,0.0346873052947338,0.176261211663929,0.31194556910736
-54.8,0.237991612227023,0.0348519625741696,0.176479172999715,0.312800659255684
-54.2,0.238480839099948,0.0350144138164935,0.176693462840379,0.313643426967415
-53.6,0.238970756263765,0.0351773525440665,0.17690765726903,0.314487869937849
-53,0.239461363396568,0.0353407770688303,0.177121758386069,0.315333982019314
-52.4,0.239952660170525,0.0355046857059,0.177335768270783,0.316181757046429
-51.8,0.240444646251861,0.0356690767734541,0.177549688981541,0.317031188835914
-51.2,0.240937321300849,0.0358339485926253,0.177763522555978,0.31788227118641
-50.6,0.241430684971793,0.0359992994873911,0.177977271011192,0.318734997878297
-50,0.241924736913022,0.0361651277844653,0.178190936343923,0.319589362673515
